
{
    "serverPort": 8443,
    "serverIP": "",
    "development": {
      "mongodb": {
        "serverIP": "127.0.0.1",
        "serverPort": 27010,
        "useAuth": true
      },
      "log": {
        "logLevel": "debug",
        "logFilePath": "./logFiles",
        "filename": "nuclias_connect_core.log",
        "compress": true,
        "keepFileExt": true,
        "alwaysIncludePattern": true,
        "daysToKeep": 30,
        "maxLogSize": 4294966272
      }
    },
   "production": {
     "mongodb": {
       "serverIP": "127.0.0.1",
       "serverPort": 27010,
       "useAuth": true
     },
     "log": {
       "logLevel": "info",
       "logFilePath": "./logFiles",
       "filename": "nuclias_connect_core.log",
       "compress": true,
       "keepFileExt": true,
       "alwaysIncludePattern": true,
       "daysToKeep": 30,
       "maxLogSize": 4294966272 
     }
  },
  "Production_hualian": {
    "mongodb": {
      "serverIP": "127.0.0.1",
      "serverPort": 27010,
      "useAuth": true
    },
    "log": {
      "logLevel": "debug",
      "logFilePath": "./logFiles",
      "filename": "nuclias_connect_core.log",
      "compress": true,
      "keepFileExt": true,
      "alwaysIncludePattern": true,
      "daysToKeep": 30,
      "maxLogSize": 4294966272
    }
  },
  "Production_dnh": {
    "log": {
      "logLevel":"debug",
      "logFilePath": "/mnt/hdd_SYS/dnhlog",
      "filename": "CS.log",
      "compress": true,
      "keepFileExt": true,
      "alwaysIncludePattern": true,
      "daysToKeep": 7,
      "maxLogSize": 4294966272
    }
  }
}