{
    "development": {
        "serverPort": 9443,
        "serverIP": "",
        "receiveUDPstartPort": 15000,
        "rtpType": "udp",
        "mediaFileDir": "/mnt/hdd_NVR/fmp4Videos",
        "enableHddRecording":true,
        "jwt_secret":"b3eaad0a469d13a884f3d09e0952b72b",
        "log": {
            "logLevel":"debug",
            "logFilePath": "/mnt/hdd_SYS/dnhlog",
            "filename": "MS.log",
            "compress": true,
            "keepFileExt": true,
            "alwaysIncludePattern": true,
            "daysToKeep": 7,
            "maxLogSize": 4294966272
        }
    },
    "Production_dnh": {
        "serverPort": 9443,
        "serverIP": "",
        "receiveUDPstartPort": 15000,
        "rtpType": "udp",
        "mediaFileDir": "/mnt/hdd_NVR/fmp4Videos",
        "enableHddRecording":true,
        "jwt_secret":"b3eaad0a469d13a884f3d09e0952b72b",
        "log": {
            "logLevel":"debug",
            "logFilePath": "/mnt/hdd_SYS/dnhlog",
            "filename": "MS.log",
            "compress": true,
            "keepFileExt": true,
            "alwaysIncludePattern": true,
            "daysToKeep": 7,
            "maxLogSize": 4294966272
        }
    }
}
