{
  "nucliasPath":"",
  "development":{
    "version":"1.1.1.0",
    "model":"DNH-200",
    "enableHttp":true,
    "serverIP":"",
    "starterEdition":false,
    "base_url": "",
    "jwt_secret":"b3eaad0a469d13a884f3d09e0952b72b",
    "client":"*",
    "taskValidity":30,
    "snapshotPath": "/mnt/hdd_NVR/SnapShot",
    "backupPath": "/userdata/backupcfg",
    "autoLogBackupPath": "/mnt/hdd_SYS",
    "autoLogBackupFileSizeLimit": 10485760,
    "supportModuleUrl":" https://s3-us-west-1.amazonaws.com/download-site/download-file/cwm_aplist",
    "log": {
      "logLevel":"debug",
      "logFilePath": "/mnt/hdd_SYS/dnhlog",
      "filename": "WS.log",
      "compress": true,
      "keepFileExt": true,
      "alwaysIncludePattern": true,
      "daysToKeep": 7,
      "maxLogSize": 4294966272
    },
    "fota": {
      "host_gl": "https://api.fota.dlink.com",
      "host_cn": "https://api.fota.dlink.com.cn"
    },
    "sso": {
      "hostname": "API.nuclias.com",
      "tokenExpiresInMinutes": 4320,
      "register": "register.nuclias.com",
      "connect": "connect.nuclias.com"
    }
  },
  "Production_dnh":{
    "version":"1.1.1.0",
    "model":"DNH-200",
    "enableHttp":true,
    "serverIP":"",
    "starterEdition":false,
    "base_url": "",
    "jwt_secret":"b3eaad0a469d13a884f3d09e0952b72b",
    "client":"*",
    "taskValidity":30,
    "snapshotPath": "/mnt/hdd_NVR/SnapShot",
    "backupPath": "/userdata/backupcfg",
    "autoLogBackupPath": "/mnt/hdd_SYS",
    "autoLogBackupFileSizeLimit": 10485760,
    "supportModuleUrl":" https://s3-us-west-1.amazonaws.com/download-site/download-file/cwm_aplist",
    "log": {
      "logLevel":"debug",
      "logFilePath": "/mnt/hdd_SYS/dnhlog",
      "filename": "WS.log",
      "compress": true,
      "keepFileExt": true,
      "alwaysIncludePattern": true,
      "daysToKeep": 7,
      "maxLogSize": 4294966272
    },
    "fota": {
      "host_gl": "https://api.fota.dlink.com",
      "host_cn": "https://api.fota.dlink.com.cn"
    },
    "sso": {
      "hostname": "API.nuclias.com",
      "tokenExpiresInMinutes": 4320,
      "register": "register.nuclias.com",
      "connect": "connect.nuclias.com"
    }
  }
}
