{
	"zone": {
		"America": {
			"Adak": {
				"exemplarCity": "艾達克"
			},
			"Anchorage": {
				"exemplarCity": "安克拉治"
			},
			"Anguilla": {
				"exemplarCity": "安奎拉"
			},
			"Antigua": {
				"exemplarCity": "安地卡"
			},
			"Araguaina": {
				"exemplarCity": "阿拉圭那"
			},
			"Argentina": {
				"Rio_Gallegos": {
					"exemplarCity": "里奧加耶戈斯"
				},
				"San_Juan": {
					"exemplarCity": "聖胡安"
				},
				"Ushuaia": {
					"exemplarCity": "烏斯懷亞"
				},
				"La_Rioja": {
					"exemplarCity": "拉略哈"
				},
				"San_Luis": {
					"exemplarCity": "聖路易"
				},
				"Salta": {
					"exemplarCity": "薩爾塔"
				},
				"Tucuman": {
					"exemplarCity": "吐庫曼"
				}
			},
			"Aruba": {
				"exemplarCity": "荷屬阿魯巴"
			},
			"Asuncion": {
				"exemplarCity": "亞松森"
			},
			"Bahia": {
				"exemplarCity": "巴伊阿"
			},
			"Bahia_Banderas": {
				"exemplarCity": "巴伊亞班德拉斯"
			},
			"Barbados": {
				"exemplarCity": "巴貝多"
			},
			"Belem": {
				"exemplarCity": "貝倫"
			},
			"Belize": {
				"exemplarCity": "貝里斯"
			},
			"Blanc-Sablon": {
				"exemplarCity": "白朗薩布隆"
			},
			"Boa_Vista": {
				"exemplarCity": "保維斯塔"
			},
			"Bogota": {
				"exemplarCity": "波哥大"
			},
			"Boise": {
				"exemplarCity": "波夕"
			},
			"Buenos_Aires": {
				"exemplarCity": "布宜諾斯艾利斯"
			},
			"Cambridge_Bay": {
				"exemplarCity": "劍橋灣"
			},
			"Campo_Grande": {
				"exemplarCity": "格蘭場"
			},
			"Cancun": {
				"exemplarCity": "坎昆"
			},
			"Caracas": {
				"exemplarCity": "卡拉卡斯"
			},
			"Catamarca": {
				"exemplarCity": "卡塔馬卡"
			},
			"Cayenne": {
				"exemplarCity": "開雲"
			},
			"Cayman": {
				"exemplarCity": "開曼群島"
			},
			"Chicago": {
				"exemplarCity": "芝加哥"
			},
			"Chihuahua": {
				"exemplarCity": "奇華華"
			},
			"Coral_Harbour": {
				"exemplarCity": "阿蒂科肯"
			},
			"Cordoba": {
				"exemplarCity": "哥多華"
			},
			"Costa_Rica": {
				"exemplarCity": "哥斯大黎加"
			},
			"Creston": {
				"exemplarCity": "克雷斯頓"
			},
			"Cuiaba": {
				"exemplarCity": "古雅巴"
			},
			"Curacao": {
				"exemplarCity": "庫拉索"
			},
			"Danmarkshavn": {
				"exemplarCity": "丹馬沙文"
			},
			"Dawson": {
				"exemplarCity": "道森"
			},
			"Dawson_Creek": {
				"exemplarCity": "道森克里克"
			},
			"Denver": {
				"exemplarCity": "丹佛"
			},
			"Detroit": {
				"exemplarCity": "底特律"
			},
			"Dominica": {
				"exemplarCity": "多米尼克"
			},
			"Edmonton": {
				"exemplarCity": "艾德蒙吞"
			},
			"Eirunepe": {
				"exemplarCity": "艾魯內佩"
			},
			"El_Salvador": {
				"exemplarCity": "薩爾瓦多"
			},
			"Fort_Nelson": {
				"exemplarCity": "納爾遜堡"
			},
			"Fortaleza": {
				"exemplarCity": "福塔力莎"
			},
			"Glace_Bay": {
				"exemplarCity": "格雷斯貝"
			},
			"Godthab": {
				"exemplarCity": "努克"
			},
			"Goose_Bay": {
				"exemplarCity": "鵝灣"
			},
			"Grand_Turk": {
				"exemplarCity": "大特克島"
			},
			"Grenada": {
				"exemplarCity": "格瑞納達"
			},
			"Guadeloupe": {
				"exemplarCity": "瓜地洛普"
			},
			"Guatemala": {
				"exemplarCity": "瓜地馬拉"
			},
			"Guayaquil": {
				"exemplarCity": "瓜亞基爾"
			},
			"Guyana": {
				"exemplarCity": "蓋亞那"
			},
			"Halifax": {
				"exemplarCity": "哈里法克斯"
			},
			"Havana": {
				"exemplarCity": "哈瓦那"
			},
			"Hermosillo": {
				"exemplarCity": "埃莫西約"
			},
			"Indiana": {
				"Vincennes": {
					"exemplarCity": "印第安那州溫森斯"
				},
				"Petersburg": {
					"exemplarCity": "印第安那州彼得堡"
				},
				"Tell_City": {
					"exemplarCity": "印第安那州泰爾城"
				},
				"Knox": {
					"exemplarCity": "印第安那州諾克斯"
				},
				"Winamac": {
					"exemplarCity": "印第安那州威納馬克"
				},
				"Marengo": {
					"exemplarCity": "印第安那州馬倫哥"
				},
				"Vevay": {
					"exemplarCity": "印第安那州維威"
				}
			},
			"Indianapolis": {
				"exemplarCity": "印第安那波里斯"
			},
			"Inuvik": {
				"exemplarCity": "伊奴維克"
			},
			"Iqaluit": {
				"exemplarCity": "伊魁特"
			},
			"Jamaica": {
				"exemplarCity": "牙買加"
			},
			"Jujuy": {
				"exemplarCity": "胡胡伊"
			},
			"Juneau": {
				"exemplarCity": "朱諾"
			},
			"Kentucky": {
				"Monticello": {
					"exemplarCity": "肯塔基州蒙地卻羅"
				}
			},
			"Kralendijk": {
				"exemplarCity": "克拉倫代克"
			},
			"La_Paz": {
				"exemplarCity": "拉巴斯"
			},
			"Lima": {
				"exemplarCity": "利馬"
			},
			"Los_Angeles": {
				"exemplarCity": "洛杉磯"
			},
			"Louisville": {
				"exemplarCity": "路易斯維爾"
			},
			"Lower_Princes": {
				"exemplarCity": "下太子區"
			},
			"Maceio": {
				"exemplarCity": "馬瑟歐"
			},
			"Managua": {
				"exemplarCity": "馬拿瓜"
			},
			"Manaus": {
				"exemplarCity": "瑪瑙斯"
			},
			"Marigot": {
				"exemplarCity": "馬里戈特"
			},
			"Martinique": {
				"exemplarCity": "馬丁尼克"
			},
			"Matamoros": {
				"exemplarCity": "馬塔莫羅斯"
			},
			"Mazatlan": {
				"exemplarCity": "馬薩特蘭"
			},
			"Mendoza": {
				"exemplarCity": "門多薩"
			},
			"Menominee": {
				"exemplarCity": "美諾米尼"
			},
			"Merida": {
				"exemplarCity": "梅里達"
			},
			"Metlakatla": {
				"exemplarCity": "梅特拉卡特拉"
			},
			"Mexico_City": {
				"exemplarCity": "墨西哥市"
			},
			"Miquelon": {
				"exemplarCity": "密啟崙"
			},
			"Moncton": {
				"exemplarCity": "蒙克頓"
			},
			"Monterrey": {
				"exemplarCity": "蒙特瑞"
			},
			"Montevideo": {
				"exemplarCity": "蒙特維多"
			},
			"Montserrat": {
				"exemplarCity": "蒙哲臘"
			},
			"Nassau": {
				"exemplarCity": "拿索"
			},
			"New_York": {
				"exemplarCity": "紐約"
			},
			"Nipigon": {
				"exemplarCity": "尼皮岡"
			},
			"Nome": {
				"exemplarCity": "諾姆"
			},
			"Noronha": {
				"exemplarCity": "諾倫哈"
			},
			"North_Dakota": {
				"Beulah": {
					"exemplarCity": "北達科他州布由拉"
				},
				"New_Salem": {
					"exemplarCity": "北達科他州紐沙倫"
				},
				"Center": {
					"exemplarCity": "北達科他州中心"
				}
			},
			"Ojinaga": {
				"exemplarCity": "奧希納加"
			},
			"Panama": {
				"exemplarCity": "巴拿馬"
			},
			"Pangnirtung": {
				"exemplarCity": "潘尼爾東"
			},
			"Paramaribo": {
				"exemplarCity": "巴拉馬利波"
			},
			"Phoenix": {
				"exemplarCity": "鳳凰城"
			},
			"Port-au-Prince": {
				"exemplarCity": "太子港"
			},
			"Port_of_Spain": {
				"exemplarCity": "西班牙港"
			},
			"Porto_Velho": {
				"exemplarCity": "維留港"
			},
			"Puerto_Rico": {
				"exemplarCity": "波多黎各"
			},
			"Punta_Arenas": {
				"exemplarCity": "蓬塔阿雷納斯"
			},
			"Rainy_River": {
				"exemplarCity": "雨河鎮"
			},
			"Rankin_Inlet": {
				"exemplarCity": "蘭今灣"
			},
			"Recife": {
				"exemplarCity": "雷西非"
			},
			"Regina": {
				"exemplarCity": "里賈納"
			},
			"Resolute": {
				"exemplarCity": "羅斯魯特"
			},
			"Rio_Branco": {
				"exemplarCity": "里約布蘭"
			},
			"Santa_Isabel": {
				"exemplarCity": "聖伊薩貝爾"
			},
			"Santarem": {
				"exemplarCity": "聖塔倫"
			},
			"Santiago": {
				"exemplarCity": "聖地牙哥"
			},
			"Santo_Domingo": {
				"exemplarCity": "聖多明哥"
			},
			"Sao_Paulo": {
				"exemplarCity": "聖保羅"
			},
			"Scoresbysund": {
				"exemplarCity": "伊托科爾托米特"
			},
			"Sitka": {
				"exemplarCity": "錫特卡"
			},
			"St_Barthelemy": {
				"exemplarCity": "聖巴托洛繆島"
			},
			"St_Johns": {
				"exemplarCity": "聖約翰"
			},
			"St_Kitts": {
				"exemplarCity": "聖基茨"
			},
			"St_Lucia": {
				"exemplarCity": "聖露西亞"
			},
			"St_Thomas": {
				"exemplarCity": "聖托馬斯"
			},
			"St_Vincent": {
				"exemplarCity": "聖文森"
			},
			"Swift_Current": {
				"exemplarCity": "斯威夫特卡倫特"
			},
			"Tegucigalpa": {
				"exemplarCity": "德古斯加巴"
			},
			"Thule": {
				"exemplarCity": "杜里"
			},
			"Thunder_Bay": {
				"exemplarCity": "珊德灣"
			},
			"Tijuana": {
				"exemplarCity": "提華納"
			},
			"Toronto": {
				"exemplarCity": "多倫多"
			},
			"Tortola": {
				"exemplarCity": "托爾托拉"
			},
			"Vancouver": {
				"exemplarCity": "溫哥華"
			},
			"Whitehorse": {
				"exemplarCity": "懷特霍斯"
			},
			"Winnipeg": {
				"exemplarCity": "溫尼伯"
			},
			"Yakutat": {
				"exemplarCity": "雅庫塔"
			},
			"Yellowknife": {
				"exemplarCity": "耶洛奈夫"
			}
		},
		"Atlantic": {
			"Azores": {
				"exemplarCity": "亞速爾群島"
			},
			"Bermuda": {
				"exemplarCity": "百慕達"
			},
			"Canary": {
				"exemplarCity": "加納利"
			},
			"Cape_Verde": {
				"exemplarCity": "維德角"
			},
			"Faeroe": {
				"exemplarCity": "法羅群島"
			},
			"Madeira": {
				"exemplarCity": "馬得拉群島"
			},
			"Reykjavik": {
				"exemplarCity": "雷克雅維克"
			},
			"South_Georgia": {
				"exemplarCity": "南喬治亞"
			},
			"St_Helena": {
				"exemplarCity": "聖赫勒拿島"
			},
			"Stanley": {
				"exemplarCity": "史坦利"
			}
		},
		"Europe": {
			"Amsterdam": {
				"exemplarCity": "阿姆斯特丹"
			},
			"Andorra": {
				"exemplarCity": "安道爾"
			},
			"Astrakhan": {
				"exemplarCity": "阿斯特拉罕"
			},
			"Athens": {
				"exemplarCity": "雅典"
			},
			"Belgrade": {
				"exemplarCity": "貝爾格勒"
			},
			"Berlin": {
				"exemplarCity": "柏林"
			},
			"Bratislava": {
				"exemplarCity": "布拉提斯拉瓦"
			},
			"Brussels": {
				"exemplarCity": "布魯塞爾"
			},
			"Bucharest": {
				"exemplarCity": "布加勒斯特"
			},
			"Budapest": {
				"exemplarCity": "布達佩斯"
			},
			"Busingen": {
				"exemplarCity": "布辛根"
			},
			"Chisinau": {
				"exemplarCity": "基西紐"
			},
			"Copenhagen": {
				"exemplarCity": "哥本哈根"
			},
			"Dublin": {
				"exemplarCity": "都柏林"
			},
			"Gibraltar": {
				"exemplarCity": "直布羅陀"
			},
			"Guernsey": {
				"exemplarCity": "根息島"
			},
			"Helsinki": {
				"exemplarCity": "赫爾辛基"
			},
			"Isle_of_Man": {
				"exemplarCity": "曼島"
			},
			"Istanbul": {
				"exemplarCity": "伊斯坦堡"
			},
			"Jersey": {
				"exemplarCity": "澤西島"
			},
			"Kaliningrad": {
				"exemplarCity": "加里寧格勒"
			},
			"Kiev": {
				"exemplarCity": "基輔"
			},
			"Kirov": {
				"exemplarCity": "基洛夫"
			},
			"Lisbon": {
				"exemplarCity": "里斯本"
			},
			"Ljubljana": {
				"exemplarCity": "盧比安納"
			},
			"London": {
				"exemplarCity": "倫敦"
			},
			"Luxembourg": {
				"exemplarCity": "盧森堡"
			},
			"Madrid": {
				"exemplarCity": "馬德里"
			},
			"Malta": {
				"exemplarCity": "馬爾他"
			},
			"Mariehamn": {
				"exemplarCity": "瑪麗港"
			},
			"Minsk": {
				"exemplarCity": "明斯克"
			},
			"Monaco": {
				"exemplarCity": "摩納哥"
			},
			"Moscow": {
				"exemplarCity": "莫斯科"
			},
			"Oslo": {
				"exemplarCity": "奧斯陸"
			},
			"Paris": {
				"exemplarCity": "巴黎"
			},
			"Podgorica": {
				"exemplarCity": "波多里察"
			},
			"Prague": {
				"exemplarCity": "布拉格"
			},
			"Riga": {
				"exemplarCity": "里加"
			},
			"Rome": {
				"exemplarCity": "羅馬"
			},
			"Samara": {
				"exemplarCity": "沙馬拉"
			},
			"San_Marino": {
				"exemplarCity": "聖馬利諾"
			},
			"Sarajevo": {
				"exemplarCity": "塞拉耶佛"
			},
			"Saratov": {
				"exemplarCity": "薩拉托夫"
			},
			"Simferopol": {
				"exemplarCity": "辛非洛浦"
			},
			"Skopje": {
				"exemplarCity": "史高比耶"
			},
			"Sofia": {
				"exemplarCity": "索菲亞"
			},
			"Stockholm": {
				"exemplarCity": "斯德哥爾摩"
			},
			"Tallinn": {
				"exemplarCity": "塔林"
			},
			"Tirane": {
				"exemplarCity": "地拉那"
			},
			"Ulyanovsk": {
				"exemplarCity": "烏里揚諾夫斯克"
			},
			"Uzhgorod": {
				"exemplarCity": "烏茲哥洛"
			},
			"Vaduz": {
				"exemplarCity": "瓦都茲"
			},
			"Vatican": {
				"exemplarCity": "梵蒂岡"
			},
			"Vienna": {
				"exemplarCity": "維也納"
			},
			"Vilnius": {
				"exemplarCity": "維爾紐斯"
			},
			"Volgograd": {
				"exemplarCity": "伏爾加格勒"
			},
			"Warsaw": {
				"exemplarCity": "華沙"
			},
			"Zagreb": {
				"exemplarCity": "札格瑞布"
			},
			"Zaporozhye": {
				"exemplarCity": "札波羅結"
			},
			"Zurich": {
				"exemplarCity": "蘇黎世"
			}
		},
		"Africa": {
			"Abidjan": {
				"exemplarCity": "阿比讓"
			},
			"Accra": {
				"exemplarCity": "阿克拉"
			},
			"Addis_Ababa": {
				"exemplarCity": "阿迪斯阿貝巴"
			},
			"Algiers": {
				"exemplarCity": "阿爾及爾"
			},
			"Asmera": {
				"exemplarCity": "阿斯瑪拉"
			},
			"Bamako": {
				"exemplarCity": "巴馬科"
			},
			"Bangui": {
				"exemplarCity": "班吉"
			},
			"Banjul": {
				"exemplarCity": "班竹"
			},
			"Bissau": {
				"exemplarCity": "比紹"
			},
			"Blantyre": {
				"exemplarCity": "布蘭太爾"
			},
			"Brazzaville": {
				"exemplarCity": "布拉柴維爾"
			},
			"Bujumbura": {
				"exemplarCity": "布松布拉"
			},
			"Cairo": {
				"exemplarCity": "開羅"
			},
			"Casablanca": {
				"exemplarCity": "卡薩布蘭卡"
			},
			"Ceuta": {
				"exemplarCity": "休達"
			},
			"Conakry": {
				"exemplarCity": "柯那克里"
			},
			"Dakar": {
				"exemplarCity": "達喀爾"
			},
			"Dar_es_Salaam": {
				"exemplarCity": "沙蘭港"
			},
			"Djibouti": {
				"exemplarCity": "吉布地"
			},
			"Douala": {
				"exemplarCity": "杜阿拉"
			},
			"El_Aaiun": {
				"exemplarCity": "阿尤恩"
			},
			"Freetown": {
				"exemplarCity": "自由城"
			},
			"Gaborone": {
				"exemplarCity": "嘉柏隆里"
			},
			"Harare": {
				"exemplarCity": "哈拉雷"
			},
			"Johannesburg": {
				"exemplarCity": "約翰尼斯堡"
			},
			"Juba": {
				"exemplarCity": "朱巴"
			},
			"Kampala": {
				"exemplarCity": "坎帕拉"
			},
			"Khartoum": {
				"exemplarCity": "喀土穆"
			},
			"Kigali": {
				"exemplarCity": "基加利"
			},
			"Kinshasa": {
				"exemplarCity": "金夏沙"
			},
			"Lagos": {
				"exemplarCity": "拉哥斯"
			},
			"Libreville": {
				"exemplarCity": "自由市"
			},
			"Lome": {
				"exemplarCity": "洛美"
			},
			"Luanda": {
				"exemplarCity": "羅安達"
			},
			"Lubumbashi": {
				"exemplarCity": "盧本巴希"
			},
			"Lusaka": {
				"exemplarCity": "路沙卡"
			},
			"Malabo": {
				"exemplarCity": "馬拉博"
			},
			"Maputo": {
				"exemplarCity": "馬普托"
			},
			"Maseru": {
				"exemplarCity": "馬賽魯"
			},
			"Mbabane": {
				"exemplarCity": "墨巴本"
			},
			"Mogadishu": {
				"exemplarCity": "摩加迪休"
			},
			"Monrovia": {
				"exemplarCity": "蒙羅維亞"
			},
			"Nairobi": {
				"exemplarCity": "奈洛比"
			},
			"Ndjamena": {
				"exemplarCity": "恩賈梅納"
			},
			"Niamey": {
				"exemplarCity": "尼亞美"
			},
			"Nouakchott": {
				"exemplarCity": "諾克少"
			},
			"Ouagadougou": {
				"exemplarCity": "瓦加杜古"
			},
			"Porto-Novo": {
				"exemplarCity": "波多諾佛"
			},
			"Sao_Tome": {
				"exemplarCity": "聖多美"
			},
			"Tripoli": {
				"exemplarCity": "的黎波里"
			},
			"Tunis": {
				"exemplarCity": "突尼斯"
			},
			"Windhoek": {
				"exemplarCity": "溫得和克"
			}
		},
		"Asia": {
			"Aden": {
				"exemplarCity": "亞丁"
			},
			"Almaty": {
				"exemplarCity": "阿拉木圖"
			},
			"Amman": {
				"exemplarCity": "安曼"
			},
			"Anadyr": {
				"exemplarCity": "阿那底"
			},
			"Aqtau": {
				"exemplarCity": "阿克套"
			},
			"Aqtobe": {
				"exemplarCity": "阿克托比"
			},
			"Ashgabat": {
				"exemplarCity": "阿什哈巴特"
			},
			"Atyrau": {
				"exemplarCity": "阿特勞"
			},
			"Baghdad": {
				"exemplarCity": "巴格達"
			},
			"Bahrain": {
				"exemplarCity": "巴林"
			},
			"Baku": {
				"exemplarCity": "巴庫"
			},
			"Bangkok": {
				"exemplarCity": "曼谷"
			},
			"Barnaul": {
				"exemplarCity": "巴爾瑙爾"
			},
			"Beirut": {
				"exemplarCity": "貝魯特"
			},
			"Bishkek": {
				"exemplarCity": "比什凱克"
			},
			"Brunei": {
				"exemplarCity": "汶萊"
			},
			"Calcutta": {
				"exemplarCity": "加爾各答"
			},
			"Chita": {
				"exemplarCity": "赤塔"
			},
			"Choibalsan": {
				"exemplarCity": "喬巴山"
			},
			"Colombo": {
				"exemplarCity": "可倫坡"
			},
			"Damascus": {
				"exemplarCity": "大馬士革"
			},
			"Dhaka": {
				"exemplarCity": "達卡"
			},
			"Dili": {
				"exemplarCity": "帝力"
			},
			"Dubai": {
				"exemplarCity": "杜拜"
			},
			"Dushanbe": {
				"exemplarCity": "杜桑貝"
			},
			"Famagusta": {
				"exemplarCity": "法馬古斯塔"
			},
			"Gaza": {
				"exemplarCity": "加薩"
			},
			"Hebron": {
				"exemplarCity": "赫布隆"
			},
			"Hong_Kong": {
				"exemplarCity": "香港"
			},
			"Hovd": {
				"exemplarCity": "科布多"
			},
			"Irkutsk": {
				"exemplarCity": "伊爾庫次克"
			},
			"Jakarta": {
				"exemplarCity": "雅加達"
			},
			"Jayapura": {
				"exemplarCity": "加亞布拉"
			},
			"Jerusalem": {
				"exemplarCity": "耶路撒冷"
			},
			"Kabul": {
				"exemplarCity": "喀布爾"
			},
			"Kamchatka": {
				"exemplarCity": "堪察加"
			},
			"Karachi": {
				"exemplarCity": "喀拉蚩"
			},
			"Katmandu": {
				"exemplarCity": "加德滿都"
			},
			"Khandyga": {
				"exemplarCity": "堪地加"
			},
			"Krasnoyarsk": {
				"exemplarCity": "克拉斯諾亞爾斯克"
			},
			"Kuala_Lumpur": {
				"exemplarCity": "吉隆坡"
			},
			"Kuching": {
				"exemplarCity": "古晉"
			},
			"Kuwait": {
				"exemplarCity": "科威特"
			},
			"Macau": {
				"exemplarCity": "澳門"
			},
			"Magadan": {
				"exemplarCity": "馬加丹"
			},
			"Makassar": {
				"exemplarCity": "馬卡沙爾"
			},
			"Manila": {
				"exemplarCity": "馬尼拉"
			},
			"Muscat": {
				"exemplarCity": "馬斯開特"
			},
			"Nicosia": {
				"exemplarCity": "尼古西亞"
			},
			"Novokuznetsk": {
				"exemplarCity": "新庫茲涅茨克"
			},
			"Novosibirsk": {
				"exemplarCity": "新西伯利亞"
			},
			"Omsk": {
				"exemplarCity": "鄂木斯克"
			},
			"Oral": {
				"exemplarCity": "烏拉爾"
			},
			"Phnom_Penh": {
				"exemplarCity": "金邊"
			},
			"Pontianak": {
				"exemplarCity": "坤甸"
			},
			"Pyongyang": {
				"exemplarCity": "平壤"
			},
			"Qatar": {
				"exemplarCity": "卡達"
			},
			"Qostanay": {
				"exemplarCity": "庫斯塔奈"
			},
			"Qyzylorda": {
				"exemplarCity": "克孜勒奧爾達"
			},
			"Rangoon": {
				"exemplarCity": "仰光"
			},
			"Riyadh": {
				"exemplarCity": "利雅德"
			},
			"Saigon": {
				"exemplarCity": "胡志明市"
			},
			"Sakhalin": {
				"exemplarCity": "庫頁島"
			},
			"Samarkand": {
				"exemplarCity": "撒馬爾罕"
			},
			"Seoul": {
				"exemplarCity": "首爾"
			},
			"Shanghai": {
				"exemplarCity": "上海"
			},
			"Singapore": {
				"exemplarCity": "新加坡"
			},
			"Srednekolymsk": {
				"exemplarCity": "中科雷姆斯克"
			},
			"Taipei": {
				"exemplarCity": "台北"
			},
			"Tashkent": {
				"exemplarCity": "塔什干"
			},
			"Tbilisi": {
				"exemplarCity": "第比利斯"
			},
			"Tehran": {
				"exemplarCity": "德黑蘭"
			},
			"Thimphu": {
				"exemplarCity": "廷布"
			},
			"Tokyo": {
				"exemplarCity": "東京"
			},
			"Tomsk": {
				"exemplarCity": "托木斯克"
			},
			"Ulaanbaatar": {
				"exemplarCity": "烏蘭巴托"
			},
			"Urumqi": {
				"exemplarCity": "烏魯木齊"
			},
			"Ust-Nera": {
				"exemplarCity": "烏斯內拉"
			},
			"Vientiane": {
				"exemplarCity": "永珍"
			},
			"Vladivostok": {
				"exemplarCity": "海參崴"
			},
			"Yakutsk": {
				"exemplarCity": "雅庫次克"
			},
			"Yekaterinburg": {
				"exemplarCity": "葉卡捷林堡"
			},
			"Yerevan": {
				"exemplarCity": "葉里溫"
			}
		},
		"Indian": {
			"Antananarivo": {
				"exemplarCity": "安塔那那利弗"
			},
			"Chagos": {
				"exemplarCity": "查戈斯"
			},
			"Christmas": {
				"exemplarCity": "聖誕島"
			},
			"Cocos": {
				"exemplarCity": "科科斯群島"
			},
			"Comoro": {
				"exemplarCity": "科摩羅群島"
			},
			"Kerguelen": {
				"exemplarCity": "凱爾蓋朗島"
			},
			"Mahe": {
				"exemplarCity": "馬埃島"
			},
			"Maldives": {
				"exemplarCity": "馬爾地夫"
			},
			"Mauritius": {
				"exemplarCity": "模里西斯"
			},
			"Mayotte": {
				"exemplarCity": "馬約特島"
			},
			"Reunion": {
				"exemplarCity": "留尼旺島"
			}
		},
		"Australia": {
			"Adelaide": {
				"exemplarCity": "阿得雷德"
			},
			"Brisbane": {
				"exemplarCity": "布利斯班"
			},
			"Broken_Hill": {
				"exemplarCity": "布羅肯希爾"
			},
			"Currie": {
				"exemplarCity": "克黎"
			},
			"Darwin": {
				"exemplarCity": "達爾文"
			},
			"Eucla": {
				"exemplarCity": "尤克拉"
			},
			"Hobart": {
				"exemplarCity": "荷巴特"
			},
			"Lindeman": {
				"exemplarCity": "林德曼"
			},
			"Lord_Howe": {
				"exemplarCity": "豪勳爵島"
			},
			"Melbourne": {
				"exemplarCity": "墨爾本"
			},
			"Perth": {
				"exemplarCity": "伯斯"
			},
			"Sydney": {
				"exemplarCity": "雪梨"
			}
		},
		"Pacific": {
			"Apia": {
				"exemplarCity": "阿皮亞"
			},
			"Auckland": {
				"exemplarCity": "奧克蘭"
			},
			"Bougainville": {
				"exemplarCity": "布干維爾"
			},
			"Chatham": {
				"exemplarCity": "查坦"
			},
			"Easter": {
				"exemplarCity": "復活島"
			},
			"Efate": {
				"exemplarCity": "埃法特"
			},
			"Enderbury": {
				"exemplarCity": "恩得伯理島"
			},
			"Fakaofo": {
				"exemplarCity": "法考福"
			},
			"Fiji": {
				"exemplarCity": "斐濟"
			},
			"Funafuti": {
				"exemplarCity": "富那富提"
			},
			"Galapagos": {
				"exemplarCity": "加拉巴哥群島"
			},
			"Gambier": {
				"exemplarCity": "甘比爾群島"
			},
			"Guadalcanal": {
				"exemplarCity": "瓜達康納爾島"
			},
			"Guam": {
				"exemplarCity": "關島"
			},
			"Honolulu": {
				"exemplarCity": "檀香山"
			},
			"Johnston": {
				"exemplarCity": "強斯頓"
			},
			"Kiritimati": {
				"exemplarCity": "基里地馬地島"
			},
			"Kosrae": {
				"exemplarCity": "科斯瑞"
			},
			"Kwajalein": {
				"exemplarCity": "瓜加林島"
			},
			"Majuro": {
				"exemplarCity": "馬朱諾"
			},
			"Marquesas": {
				"exemplarCity": "馬可薩斯島"
			},
			"Midway": {
				"exemplarCity": "中途島"
			},
			"Nauru": {
				"exemplarCity": "諾魯"
			},
			"Niue": {
				"exemplarCity": "紐埃島"
			},
			"Norfolk": {
				"exemplarCity": "諾福克"
			},
			"Noumea": {
				"exemplarCity": "諾美亞"
			},
			"Pago_Pago": {
				"exemplarCity": "巴哥巴哥"
			},
			"Palau": {
				"exemplarCity": "帛琉"
			},
			"Pitcairn": {
				"exemplarCity": "皮特肯群島"
			},
			"Ponape": {
				"exemplarCity": "波納佩"
			},
			"Port_Moresby": {
				"exemplarCity": "莫士比港"
			},
			"Rarotonga": {
				"exemplarCity": "拉羅湯加"
			},
			"Saipan": {
				"exemplarCity": "塞班"
			},
			"Tahiti": {
				"exemplarCity": "大溪地"
			},
			"Tarawa": {
				"exemplarCity": "塔拉瓦"
			},
			"Tongatapu": {
				"exemplarCity": "東加塔布島"
			},
			"Truk": {
				"exemplarCity": "楚克"
			},
			"Wake": {
				"exemplarCity": "威克"
			},
			"Wallis": {
				"exemplarCity": "瓦利斯"
			}
		},
		"Arctic": {
			"Longyearbyen": {
				"exemplarCity": "隆意耳拜恩"
			}
		},
		"Antarctica": {
			"Casey": {
				"exemplarCity": "凱西"
			},
			"Davis": {
				"exemplarCity": "戴維斯"
			},
			"DumontDUrville": {
				"exemplarCity": "杜蒙杜比爾"
			},
			"Macquarie": {
				"exemplarCity": "麥覺理"
			},
			"Mawson": {
				"exemplarCity": "莫森"
			},
			"McMurdo": {
				"exemplarCity": "麥克默多"
			},
			"Palmer": {
				"exemplarCity": "帕麥"
			},
			"Rothera": {
				"exemplarCity": "羅瑟拉"
			},
			"Syowa": {
				"exemplarCity": "昭和基地"
			},
			"Troll": {
				"exemplarCity": "綽爾"
			},
			"Vostok": {
				"exemplarCity": "沃斯托克"
			}
		},
		"Etc": {
			"UTC": {
				"exemplarCity": "UTC"
			}
		}
	}
}